index,region,count,meangross,meanbudget,totalgross,meanrating
0,North America,4825,41439368.61326425,37446252.52115283,199944953559.0,6.248041450777202
1,Latin America,40,7202195.55,8190909.090909091,288087822.0,7.2075
2,Europe,1375,15919736.876363637,31535898.791540787,21889638205.0,6.7744
3,Asia,202,15171606.014851484,30374645.166666668,3064664415.0,7.21980198019802
4,Africa,10,34327487.3,35000000.0,343274873.0,6.28
5,Middle East,19,1296621.2105263157,1266000.0,24635803.0,7.515789473684211
6,Australia,96,26612549.145833332,39040212.765957445,2554804718.0,6.83125
